{
  "success":true,
  "terms":"https:\/\/currencylayer.com\/terms",
  "privacy":"https:\/\/currencylayer.com\/privacy",
  "timestamp":1507025287,
  "source":"USD",
  "quotes":{
    "USDAED":3.672502,
    "USDAFN":68.180348,
    "USDALL":113.800003,
    "USDAMD":477.540009,
    "USDANG":1.782502,
    "USDAOA":165.095993,
    "USDARS":17.368999,
    "USDAUD":1.280186,
    "USDAWG":1.78,
    "USDAZN":1.699699,
    "USDBAM":1.6681,
    "USDBBD":2,
    "USDBDT":81.480003,
    "USDBGN":1.665402,
    "USDBHD":0.377097,
    "USDBIF":1735.47998,
    "USDBMD":1,
    "USDBND":1.356399,
    "USDBOB":6.859916,
    "USDBRL":3.154496,
    "USDBSD":1,
    "USDBTC":0.000234,
    "USDBTN":65.275002,
    "USDBWP":10.357698,
    "USDBYN":1.957028,
    "USDBYR":20020,
    "USDBZD":1.998,
    "USDCAD":1.252297,
    "USDCDF":1563.020019,
    "USDCHF":0.97554,
    "USDCLF":0.02371,
    "USDCLP":638.400024,
    "USDCNY":6.653201,
    "USDCOP":2948.5,
    "USDCRC":566.039978,
    "USDCUC":1,
    "USDCUP":26.5,
    "USDCVE":93.930132,
    "USDCZK":22.063999,
    "USDDJF":177.740005,
    "USDDKK":6.33853,
    "USDDOP":47.270183,
    "USDDZD":113.023003,
    "USDEGP":17.6029,
    "USDERN":15.280029,
    "USDETB":23.389999,
    "USDEUR":0.851501,
    "USDFJD":2.058499,
    "USDFKP":0.754098,
    "USDGBP":0.75476,
    "USDGEL":2.4664,
    "USDGGP":0.754802,
    "USDGHS":4.388496,
    "USDGIP":0.754397,
    "USDGMD":44.869999,
    "USDGNF":8889.999996,
    "USDGTQ":7.313498,
    "USDGYD":202.710007,
    "USDHKD":7.809701,
    "USDHNL":23.333031,
    "USDHRK":6.381296,
    "USDHTG":61.310001,
    "USDHUF":265.290009,
    "USDIDR":13540,
    "USDILS":3.528994,
    "USDIMP":0.754802,
    "USDINR":65.494003,
    "USDIQD":1167,
    "USDIRR":33889.000176,
    "USDISK":105.999633,
    "USDJEP":0.754802,
    "USDJMD":128.279999,
    "USDJOD":0.708303,
    "USDJPY":112.995003,
    "USDKES":103.050003,
    "USDKGS":68.495003,
    "USDKHR":4050.000218,
    "USDKMF":416.380005,
    "USDKPW":900.000274,
    "USDKRW":1141.880005,
    "USDKWD":0.302029,
    "USDKYD":0.82009,
    "USDKZT":342.73999,
    "USDLAK":8301.999792,
    "USDLBP":1505.699951,
    "USDLKR":153.100006,
    "USDLRD":117.00017,
    "USDLSL":13.610256,
    "USDLTL":3.048703,
    "USDLVL":0.62055,
    "USDLYD":1.366397,
    "USDMAD":9.450297,
    "USDMDL":17.495001,
    "USDMGA":3185.000009,
    "USDMKD":52.150002,
    "USDMMK":1360.999731,
    "USDMNT":2458.120117,
    "USDMOP":8.044903,
    "USDMRO":361.000535,
    "USDMUR":32.799999,
    "USDMVR":15.360311,
    "USDMWK":717.359985,
    "USDMXN":18.275999,
    "USDMYR":4.227502,
    "USDMZN":59.25025,
    "USDNAD":13.67102,
    "USDNGN":353.000065,
    "USDNIO":30.426301,
    "USDNOK":8.006698,
    "USDNPR":104.599998,
    "USDNZD":1.393897,
    "USDOMR":0.384502,
    "USDPAB":1,
    "USDPEN":3.269996,
    "USDPGK":3.189804,
    "USDPHP":51.139999,
    "USDPKR":105.360001,
    "USDPLN":3.6715,
    "USDPYG":5650.600098,
    "USDQAR":3.639799,
    "USDRON":3.903903,
    "USDRSD":101.529099,
    "USDRUB":58.006699,
    "USDRWF":828.849976,
    "USDSAR":3.749904,
    "USDSBD":7.840603,
    "USDSCR":13.666984,
    "USDSDG":6.666701,
    "USDSEK":8.149003,
    "USDSGD":1.36374,
    "USDSHP":0.754402,
    "USDSLL":7619.99957,
    "USDSOS":558.999961,
    "USDSRD":7.370202,
    "USDSTD":20870.599609,
    "USDSVC":8.750046,
    "USDSYP":514.97998,
    "USDSZL":13.671987,
    "USDTHB":33.429675,
    "USDTJS":8.79598,
    "USDTMT":3.4,
    "USDTND":2.472699,
    "USDTOP":2.222202,
    "USDTRY":3.584901,
    "USDTTD":6.7495,
    "USDTWD":30.419812,
    "USDTZS":2236.999634,
    "USDUAH":26.690001,
    "USDUGX":3596.99981,
    "USDUSD":1,
    "USDUYU":28.950001,
    "USDUZS":8045.000193,
    "USDVEF":9.974498,
    "USDVND":22726,
    "USDVUV":104.339996,
    "USDWST":2.5234,
    "USDXAF":558.169983,
    "USDXAG":0.060197,
    "USDXAU":0.000787,
    "USDXCD":2.705338,
    "USDXDR":0.709577,
    "USDXOF":550.999933,
    "USDXPF":101.570103,
    "USDYER":249.949997,
    "USDZAR":13.677403,
    "USDZMK":9001.201759,
    "USDZMW":9.64965,
    "USDZWL":322.355011
  }
}